{
  "timestamp": "2025-08-07T23:22:15.048624",
  "model_info": {
    "model_type": "XGBoost MultiOutput Regressor",
    "use_gpu": true,
    "n_features": 47,
    "n_samples": 20000,
    "n_targets": 8,
    "training_time": 0
  },
  "overall_metrics": {
    "mse": 1302996.952534821,
    "rmse": 1141.4889191467523,
    "mae": 191.88664856570014,
    "r2_score": -3.7852405989562574,
    "explained_variance": -3.7841358665044558,
    "max_error": 221050.796875,
    "median_absolute_error": 79.83549406528472,
    "mape": 2.132220102430622
  },
  "individual_alloy_metrics": {
    "chromium": {
      "mse": 978259.7575110155,
      "rmse": 989.0701479222874,
      "mae": 283.22807613500976,
      "r2": 0.13833465695311586,
      "explained_variance": 0.13834695556765086,
      "max_error": 79281.6446484375,
      "median_absolute_error": 122.89553741455073,
      "mape": 2.0733537989350603,
      "binary_accuracy": 0.7961,
      "confusion_matrix": [
        [
          0,
          4078
        ],
        [
          0,
          15922
        ]
      ],
      "classification_report": {
        "Negligible": {
          "precision": 0.0,
          "recall": 0.0,
          "f1-score": 0.0,
          "support": 4078.0
        },
        "Significant": {
          "precision": 0.7961,
          "recall": 1.0,
          "f1-score": 0.8864762541061189,
          "support": 15922.0
        },
        "accuracy": 0.7961,
        "macro avg": {
          "precision": 0.39805,
          "recall": 0.5,
          "f1-score": 0.4432381270530594,
          "support": 20000.0
        },
        "weighted avg": {
          "precision": 0.63377521,
          "recall": 0.7961,
          "f1-score": 0.7057237458938812,
          "support": 20000.0
        }
      }
    },
    "nickel": {
      "mse": 1813507.7833634384,
      "rmse": 1346.6654311162215,
      "mae": 344.54612892855835,
      "r2": 0.15403338169757652,
      "explained_variance": 0.15403726717465238,
      "max_error": 131717.55296325684,
      "median_absolute_error": 105.59182739257812,
      "mape": 2.5170426050515973,
      "binary_accuracy": 0.73755,
      "confusion_matrix": [
        [
          0,
          5249
        ],
        [
          0,
          14751
        ]
      ],
      "classification_report": {
        "Negligible": {
          "precision": 0.0,
          "recall": 0.0,
          "f1-score": 0.0,
          "support": 5249.0
        },
        "Significant": {
          "precision": 0.73755,
          "recall": 1.0,
          "f1-score": 0.8489539869356277,
          "support": 14751.0
        },
        "accuracy": 0.73755,
        "macro avg": {
          "precision": 0.368775,
          "recall": 0.5,
          "f1-score": 0.42447699346781387,
          "support": 20000.0
        },
        "weighted avg": {
          "precision": 0.5439800025,
          "recall": 0.73755,
          "f1-score": 0.6261460130643722,
          "support": 20000.0
        }
      }
    },
    "molybdenum": {
      "mse": 481611.1131952058,
      "rmse": 693.9820697937417,
      "mae": 222.49621463006596,
      "r2": 0.175242558716327,
      "explained_variance": 0.17524526957813724,
      "max_error": 33192.3082409668,
      "median_absolute_error": 81.65978271484374,
      "mape": 1.66117327816691,
      "binary_accuracy": 0.671,
      "confusion_matrix": [
        [
          4,
          6573
        ],
        [
          7,
          13416
        ]
      ],
      "classification_report": {
        "Negligible": {
          "precision": 0.36363636363636365,
          "recall": 0.0006081800212863008,
          "f1-score": 0.0012143290831815423,
          "support": 6577.0
        },
        "Significant": {
          "precision": 0.6711691430286658,
          "recall": 0.999478507040155,
          "f1-score": 0.8030647671495272,
          "support": 13423.0
        },
        "accuracy": 0.671,
        "macro avg": {
          "precision": 0.5174027533325147,
          "recall": 0.5000433435307207,
          "f1-score": 0.4021395481163544,
          "support": 20000.0
        },
        "weighted avg": {
          "precision": 0.5700369885255072,
          "recall": 0.671,
          "f1-score": 0.5393762505914095,
          "support": 20000.0
        }
      }
    },
    "copper": {
      "mse": 523187.50993429526,
      "rmse": 723.3170189718304,
      "mae": 317.3889573219605,
      "r2": -0.01105280861825464,
      "explained_variance": -0.010974041173263505,
      "max_error": 28252.196052246094,
      "median_absolute_error": 193.8191259765625,
      "mape": 2.436467499748969,
      "binary_accuracy": 0.9195,
      "confusion_matrix": [
        [
          0,
          1610
        ],
        [
          0,
          18390
        ]
      ],
      "classification_report": {
        "Negligible": {
          "precision": 0.0,
          "recall": 0.0,
          "f1-score": 0.0,
          "support": 1610.0
        },
        "Significant": {
          "precision": 0.9195,
          "recall": 1.0,
          "f1-score": 0.958061995311279,
          "support": 18390.0
        },
        "accuracy": 0.9195,
        "macro avg": {
          "precision": 0.45975,
          "recall": 0.5,
          "f1-score": 0.4790309976556395,
          "support": 20000.0
        },
        "weighted avg": {
          "precision": 0.8454802499999999,
          "recall": 0.9195,
          "f1-score": 0.8809380046887211,
          "support": 20000.0
        }
      }
    },
    "aluminum": {
      "mse": 3055831.306467051,
      "rmse": 1748.0936206242077,
      "mae": 209.6836144398346,
      "r2": -0.8449546974744213,
      "explained_variance": -0.8446934297142126,
      "max_error": 160176.65625,
      "median_absolute_error": 86.66285705566406,
      "mape": 0.9334196816538797,
      "binary_accuracy": 0.01875,
      "confusion_matrix": [
        [
          39,
          19624
        ],
        [
          1,
          336
        ]
      ],
      "classification_report": {
        "Negligible": {
          "precision": 0.975,
          "recall": 0.0019834206377460206,
          "f1-score": 0.003958788001827133,
          "support": 19663.0
        },
        "Significant": {
          "precision": 0.016833667334669337,
          "recall": 0.9970326409495549,
          "f1-score": 0.033108341134157754,
          "support": 337.0
        },
        "accuracy": 0.01875,
        "macro avg": {
          "precision": 0.49591683366733463,
          "recall": 0.49950803079365047,
          "f1-score": 0.018533564567992444,
          "support": 20000.0
        },
        "weighted avg": {
          "precision": 0.9588548972945892,
          "recall": 0.01875,
          "f1-score": 0.004449957972106904,
          "support": 20000.0
        }
      }
    },
    "titanium": {
      "mse": 2874781.7882817457,
      "rmse": 1695.5181474350977,
      "mae": 68.54949170088959,
      "r2": -29.320765679314064,
      "explained_variance": -29.31235417216774,
      "max_error": 221050.796875,
      "median_absolute_error": 20.091400146484375,
      "mape": 0.7143273641690413,
      "binary_accuracy": 0.07705,
      "confusion_matrix": [
        [
          426,
          18455
        ],
        [
          4,
          1115
        ]
      ],
      "classification_report": {
        "Negligible": {
          "precision": 0.9906976744186047,
          "recall": 0.022562364281552883,
          "f1-score": 0.04411993164517632,
          "support": 18881.0
        },
        "Significant": {
          "precision": 0.05697496167603475,
          "recall": 0.9964253798033958,
          "f1-score": 0.10778674658030837,
          "support": 1119.0
        },
        "accuracy": 0.07705,
        "macro avg": {
          "precision": 0.5238363180473197,
          "recall": 0.5094938720424743,
          "f1-score": 0.07595333911274235,
          "support": 20000.0
        },