{
  "timestamp": "2025-08-08 14:11:06",
  "training_time_seconds": 425.26546716690063,
  "data_type": "synthetic",
  "training_results": {
    "chromium": {
      "train_r2": 0.9620299278935844,
      "val_r2": 0.9458355152659964,
      "val_mse": 0.002525720043967978,
      "n_features": 35
    },
    "nickel": {
      "train_r2": 0.9403265149006146,
      "val_r2": 0.9244121890763711,
      "val_mse": 0.002377413844267682,
      "n_features": 35
    },
    "molybdenum": {
      "train_r2": 0.950779799445516,
      "val_r2": 0.9334757622832321,
      "val_mse": 0.0009070587184405037,
      "n_features": 35
    },
    "copper": {
      "train_r2": 0.9182710131622018,
      "val_r2": 0.9127691823378943,
      "val_mse": 0.0015337030642551268,
      "n_features": 35
    },
    "aluminum": {
      "train_r2": 0.16866534982294923,
      "val_r2": 0.009736896480826096,
      "val_mse": 0.0003944918457238399,
      "n_features": 35
    },
    "titanium": {
      "train_r2": 0.16761824060220332,
      "val_r2": 0.010909930147263047,
      "val_mse": 0.00036695875836459434,
      "n_features": 35
    },
    "vanadium": {
      "train_r2": 0.1691458564464442,
      "val_r2": 0.006931194709159039,
      "val_mse": 0.000412247845395792,
      "n_features": 35
    },
    "niobium": {
      "train_r2": 0.17469196353535743,
      "val_r2": 0.008118572067253527,
      "val_mse": 0.00040014646118994603,
      "n_features": 35
    }
  },
  "evaluation_results": {
    "chromium": {
      "r2": 0.9560105408651637,
      "mse": 0.0021689672948521626,
      "mae": 0.03748884671177703,
      "rmse": 0.04657217296682819
    },
    "nickel": {
      "r2": 0.9374853682431545,
      "mse": 0.001966122925363551,
      "mae": 0.03563873215743995,
      "rmse": 0.04434098471350801
    },
    "molybdenum": {
      "r2": 0.944259865481997,
      "mse": 0.0007546342419855342,
      "mae": 0.021973905660255984,
      "rmse": 0.02747060687326609
    },
    "copper": {
      "r2": 0.9156316308786225,
      "mse": 0.0015060420093476906,
      "mae": 0.030727443287761978,
      "rmse": 0.03880775707700318
    },
    "aluminum": {
      "r2": 0.08220255480948058,
      "mse": 0.0003343592943332799,
      "mae": 0.013785591151217375,
      "rmse": 0.018285494095957044
    },
    "titanium": {
      "r2": 0.11322386690776087,
      "mse": 0.00036660078164773966,
      "mae": 0.014050399294108963,
      "rmse": 0.019146821711389587
    },
    "vanadium": {
      "r2": 0.08570859393603725,
      "mse": 0.00034399938127044176,
      "mae": 0.013638198519610727,
      "rmse": 0.018547220311152874
    },
    "niobium": {
      "r2": 0.0796903851797508,
      "mse": 0.00036316526678104667,
      "mae": 0.013994868671423709,
      "rmse": 0.01905689551792334
    },
    "overall": {
      "r2": 0.5142766007877458,
      "mse": 0.0009754863994476807,
      "mae": 0.022662248181699464,
      "rmse": 0.029028494158378538
    }
  },
  "overall_r2": 0.5142766007877458,
  "copper_r2": 0.9156316308786225
}