{
  "timestamp": "2025-08-08 12:26:48",
  "training_time_seconds": 479.11754417419434,
  "data_type": "synthetic",
  "training_results": {
    "chromium": {
      "train_r2": 0.9620299278935844,
      "val_r2": 0.9458355152659964,
      "val_mse": 0.002525720043967978,
      "n_features": 35
    },
    "nickel": {
      "train_r2": 0.9403265149006146,
      "val_r2": 0.9244121890763711,
      "val_mse": 0.002377413844267682,
      "n_features": 35
    },
    "molybdenum": {
      "train_r2": 0.950779799445516,
      "val_r2": 0.9334757622832321,
      "val_mse": 0.0009070587184405037,
      "n_features": 35
    },
    "copper": {
      "train_r2": 0.9182710131622018,
      "val_r2": 0.9127691823378943,
      "val_mse": 0.0015337030642551268,
      "n_features": 35
    },
    "aluminum": {
      "train_r2": 0.16866534982294923,
      "val_r2": 0.009736896480826096,
      "val_mse": 0.0003944918457238399,
      "n_features": 35
    },
    "titanium": {
      "train_r2": 0.16761824060220332,
      "val_r2": 0.010909930147263047,
      "val_mse": 0.00036695875836459434,
      "n_features": 35
    },
    "vanadium": {
      "train_r2": 0.1691458564464442,
      "val_r2": 0.006931194709159039,
      "val_mse": 0.000412247845395792,
      "n_features": 35
    },
    "niobium": {
      "train_r2": 0.17469196353535743,
      "val_r2": 0.008118572067253527,
      "val_mse": 0.00040014646118994603,
      "n_features": 35
    }
  },
  "evaluation_results": {
    "chromium": {
      "r2": 0.9556054363632246,
      "mse": 0.002188941589444194,
      "mae": 0.03766110059824718,
      "rmse": 0.046786126035868736
    },
    "nickel": {
      "r2": 0.9369012177725626,
      "mse": 0.0019844948104697445,
      "mae": 0.03579698460572142,
      "rmse": 0.04454766896785672
    },
    "molybdenum": {
      "r2": 0.943927928882076,
      "mse": 0.0007591281443887974,
      "mae": 0.022033654776057267,
      "rmse": 0.027552280203075704
    },
    "copper": {
      "r2": 0.9155136639208326,
      "mse": 0.001508147812695519,
      "mae": 0.03075824123795392,
      "rmse": 0.03883487881654221
    },
    "aluminum": {
      "r2": 0.07830004888051023,
      "mse": 0.00033578100141623123,
      "mae": 0.01381125075506184,
      "rmse": 0.018324328130008786
    },
    "titanium": {
      "r2": 0.10741889610522115,
      "mse": 0.0003690006058584258,
      "mae": 0.01407842671740931,
      "rmse": 0.019209388482156996
    },
    "vanadium": {
      "r2": 0.08028424032251058,
      "mse": 0.00034604027794131643,
      "mae": 0.013667371382571342,
      "rmse": 0.018602157884001425
    },
    "niobium": {
      "r2": 0.07567148521122713,
      "mse": 0.00036475117314965533,
      "mae": 0.014027441791806835,
      "rmse": 0.01909845996800934
    },
    "overall": {
      "r2": 0.5117028646822706,
      "mse": 0.0009820356769204854,
      "mae": 0.022729308983103637,
      "rmse": 0.02911941106093999
    }
  },
  "overall_r2": 0.5117028646822706,
  "copper_r2": 0.9155136639208326
}